{
  "dim": 8,
  "key_or_value": "key",
  "num_clusters": 256,
  "trim_ratio": 0.01,
  "averages": {
    "K-Means": {
      "avg_mse": 0.29444315707737445,
      "avg_tmse_1pct": 0.28951508737085874,
      "avg_gain_err": 0.4446295517282124,
      "avg_cos_sim_err": 0.06596343226369927,
      "avg_sil": 0.03301277305951622
    },
    "ABC": {
      "avg_mse": 0.2957622220448286,
      "avg_tmse_1pct": 0.2901775806445812,
      "avg_gain_err": 0.45540002165762417,
      "avg_cos_sim_err": 0.06362417106195739,
      "avg_sil": 0.05189946442042501
    }
  }
}