{
  "dim": 128,
  "key_or_value": "value",
  "num_clusters": 1024,
  "trim_ratio": 0.01,
  "averages": {
    "K-Means": {
      "avg_mse": 0.04673405416775722,
      "avg_tmse_1pct": 0.046385123988329724,
      "avg_gain_err": 1.0255133328319062,
      "avg_cos_sim_err": 0.3374134207551833,
      "avg_sil": 0.05428131836072225
    },
    "ABC": {
      "avg_mse": 0.04651229904925458,
      "avg_tmse_1pct": 0.045982405995800946,
      "avg_gain_err": 0.9963708297073026,
      "avg_cos_sim_err": 0.32068554424040485,
      "avg_sil": 0.08093129727859605
    }
  }
}