{
  "dim": 128,
  "key_or_value": "value",
  "num_clusters": 256,
  "trim_ratio": 0.01,
  "averages": {
    "K-Means": {
      "avg_mse": 0.053800740220708576,
      "avg_tmse_1pct": 0.053222105845406986,
      "avg_gain_err": 1.2080649606796214,
      "avg_cos_sim_err": 0.3999744899920188,
      "avg_sil": 0.06355451340868967
    },
    "ABC": {
      "avg_mse": 0.053481514459349455,
      "avg_tmse_1pct": 0.052749237730836285,
      "avg_gain_err": 1.1787669213517802,
      "avg_cos_sim_err": 0.3816705380741041,
      "avg_sil": 0.08791707777243118
    }
  }
}