{
  "dim": 32,
  "key_or_value": "key",
  "num_clusters": 1024,
  "trim_ratio": 0.01,
  "averages": {
    "K-Means": {
      "avg_mse": 0.46458503853250477,
      "avg_tmse_1pct": 0.46183548630415316,
      "avg_gain_err": 0.8370217192641576,
      "avg_cos_sim_err": 0.07504429300871607,
      "avg_sil": 0.03558740904832902
    },
    "ABC": {
      "avg_mse": 0.46562118244401063,
      "avg_tmse_1pct": 0.4622300090354656,
      "avg_gain_err": 0.8448193047443056,
      "avg_cos_sim_err": 0.07315299565158284,
      "avg_sil": 0.0505593755358511
    }
  }
}