{
  "dim": 8,
  "key_or_value": "key",
  "num_clusters": 256,
  "trim_ratio": 0.01,
  "averages": {
    "K-Means": {
      "avg_mse": 0.09622204312237326,
      "avg_tmse_1pct": 0.09207290572338778,
      "avg_gain_err": 0.2941844923223016,
      "avg_cos_sim_err": 0.1793330554774002,
      "avg_sil": NaN
    },
    "ABC": {
      "avg_mse": 0.0960561264353057,
      "avg_tmse_1pct": 0.09168030419450002,
      "avg_gain_err": 0.30128241539193823,
      "avg_cos_sim_err": 0.17292651096249756,
      "avg_sil": NaN
    }
  }
}