{
  "dim": 8,
  "key_or_value": "value",
  "num_clusters": 1024,
  "trim_ratio": 0.01,
  "averages": {
    "K-Means": {
      "avg_mse": 0.01667466100495929,
      "avg_tmse_1pct": 0.01625995780748557,
      "avg_gain_err": 0.11000464679796096,
      "avg_cos_sim_err": 0.10623122153231179,
      "avg_sil": -0.05929668665315069
    },
    "ABC": {
      "avg_mse": 0.016771782698162152,
      "avg_tmse_1pct": 0.0162304366303494,
      "avg_gain_err": 0.11344428978748056,
      "avg_cos_sim_err": 0.10028975283262298,
      "avg_sil": -0.014206844987091571
    }
  }
}