{
  "dim": 8,
  "key_or_value": "value",
  "num_clusters": 256,
  "trim_ratio": 0.01,
  "averages": {
    "K-Means": {
      "avg_mse": 0.023826261071278942,
      "avg_tmse_1pct": 0.023104967390148445,
      "avg_gain_err": 0.14099222452534832,
      "avg_cos_sim_err": 0.15706300953615937,
      "avg_sil": 0.02584492390458437
    },
    "ABC": {
      "avg_mse": 0.023909584272530537,
      "avg_tmse_1pct": 0.02309862903325488,
      "avg_gain_err": 0.1446974617650767,
      "avg_cos_sim_err": 0.15241025444470324,
      "avg_sil": 0.05514087472657714
    }
  }
}