{
  "dim": 8,
  "key_or_value": "key",
  "num_clusters": 1024,
  "trim_ratio": 0.01,
  "averages": {
    "K-Means": {
      "avg_mse": 0.20582696675464263,
      "avg_tmse_1pct": 0.2026996295477268,
      "avg_gain_err": 0.3580631404176984,
      "avg_cos_sim_err": 0.04452850173185824,
      "avg_sil": -0.030781653310756774
    },
    "ABC": {
      "avg_mse": 0.20785860038766657,
      "avg_tmse_1pct": 0.20391366513769071,
      "avg_gain_err": 0.37216155326086664,
      "avg_cos_sim_err": 0.04234383972932765,
      "avg_sil": -0.001841304513007458
    }
  }
}